{"0":{"0":0.6222820422,"1":0.1746086254}}